{
  "loss": [
    0.22081327438354492,
    0.1351848691701889,
    0.10636831820011139,
    0.09153909236192703,
    0.0809377133846283,
    0.07593593746423721,
    0.06959819048643112,
    0.06331414729356766,
    0.06108838692307472,
    0.05737799033522606,
    0.05218401178717613,
    0.0507286936044693,
    0.046990834176540375,
    0.04438666254281998,
    0.04264848306775093,
    0.040402982383966446,
    0.03731825202703476,
    0.032369114458560944,
    0.030604027211666107,
    0.029804129153490067,
    0.02895168587565422,
    0.02645031362771988,
    0.025698842480778694,
    0.025191938504576683,
    0.023998631164431572,
    0.023676803335547447,
    0.023094985634088516,
    0.022865939885377884,
    0.022547990083694458,
    0.022142723202705383,
    0.021959321573376656,
    0.021955309435725212,
    0.021990710869431496,
    0.02185976505279541
  ],
  "mean_iou": [
    0.40311312675476074,
    0.5206695199012756,
    0.6123912930488586,
    0.6541252732276917,
    0.6830000877380371,
    0.6995994448661804,
    0.7180685997009277,
    0.7396038174629211,
    0.749361515045166,
    0.7612078785896301,
    0.7768473029136658,
    0.7821639180183411,
    0.794730007648468,
    0.803108274936676,
    0.8089645504951477,
    0.8181752562522888,
    0.8268114924430847,
    0.8453148007392883,
    0.8519080281257629,
    0.8551165461540222,
    0.8588511347770691,
    0.8683925271034241,
    0.8714015483856201,
    0.8738040924072266,
    0.8788794875144958,
    0.8803572058677673,
    0.8824828267097473,
    0.8837534785270691,
    0.884625256061554,
    0.8864982724189758,
    0.8874383568763733,
    0.8876521587371826,
    0.8876541256904602,
    0.8880314826965332
  ],
  "dice_coeff": [
    0.28224170207977295,
    0.29862624406814575,
    0.30473318696022034,
    0.3079925775527954,
    0.3101942539215088,
    0.3111574649810791,
    0.3125690221786499,
    0.31401327252388,
    0.31456583738327026,
    0.3153596818447113,
    0.31640294194221497,
    0.31684044003486633,
    0.3176475167274475,
    0.3182470202445984,
    0.31870612502098083,
    0.31929662823677063,
    0.31990644335746765,
    0.32107672095298767,
    0.3215726912021637,
    0.32179585099220276,
    0.3220253884792328,
    0.3226861357688904,
    0.32289689779281616,
    0.3230518698692322,
    0.3233645260334015,
    0.32347968220710754,
    0.3236553370952606,
    0.32371997833251953,
    0.32381191849708557,
    0.32390207052230835,
    0.3239879310131073,
    0.3240174353122711,
    0.3239752948284149,
    0.32399705052375793
  ],
  "val_loss": [
    0.17773424088954926,
    0.13927429914474487,
    0.1051880344748497,
    0.09873779863119125,
    0.1091390922665596,
    0.08709460496902466,
    0.07558941841125488,
    0.0743195191025734,
    0.07058417052030563,
    0.06803502887487411,
    0.06473182886838913,
    0.0641159936785698,
    0.06708156317472458,
    0.06068130210042,
    0.06311939656734467,
    0.06193530559539795,
    0.06323190778493881,
    0.055171407759189606,
    0.05533488094806671,
    0.05630026385188103,
    0.05634119734168053,
    0.05778918415307999,
    0.05901036784052849,
    0.05754171311855316,
    0.058246318250894547,
    0.06015453487634659,
    0.06170038506388664,
    0.060667023062705994,
    0.060872882604599,
    0.06285759806632996,
    0.06220366805791855,
    0.0624668151140213,
    0.062037382274866104,
    0.06281062960624695
  ],
  "val_mean_iou": [
    0.4137774407863617,
    0.5567310452461243,
    0.6078929305076599,
    0.6446854472160339,
    0.6425360441207886,
    0.6805470585823059,
    0.7027606964111328,
    0.6999163031578064,
    0.7111148834228516,
    0.7230203747749329,
    0.7470980286598206,
    0.7467696070671082,
    0.7393167614936829,
    0.7587820887565613,
    0.7550795674324036,
    0.7626966834068298,
    0.7572433948516846,
    0.7826175689697266,
    0.7852082848548889,
    0.7867722511291504,
    0.7902758717536926,
    0.7906443476676941,
    0.7888904213905334,
    0.7914237380027771,
    0.7930232882499695,
    0.7904084324836731,
    0.7874472141265869,
    0.7933792471885681,
    0.7931592464447021,
    0.7913904190063477,
    0.7926833033561707,
    0.7916913032531738,
    0.7914045453071594,
    0.7919169068336487
  ],
  "val_dice_coeff": [
    0.2859063446521759,
    0.2981213629245758,
    0.3055986762046814,
    0.30736204981803894,
    0.3116494417190552,
    0.3116050958633423,
    0.3114894926548004,
    0.31117743253707886,
    0.3132306933403015,
    0.314481645822525,
    0.3164549171924591,
    0.3140397071838379,
    0.31614041328430176,
    0.3174789547920227,
    0.31783920526504517,
    0.31787100434303284,
    0.3174341022968292,
    0.3185218572616577,
    0.31878164410591125,
    0.3191734850406647,
    0.31974226236343384,
    0.3195260167121887,
    0.31916579604148865,
    0.31982433795928955,
    0.32007259130477905,
    0.3197295367717743,
    0.31953194737434387,
    0.32014626264572144,
    0.3203335404396057,
    0.3198423981666565,
    0.320082426071167,
    0.3199601173400879,
    0.31991153955459595,
    0.3199271857738495
  ],
  "lr": [
    9.999999747378752e-05,
    9.999999747378752e-05,
    9.999999747378752e-05,
    9.999999747378752e-05,
    9.999999747378752e-05,
    9.999999747378752e-05,
    9.999999747378752e-05,
    9.999999747378752e-05,
    9.999999747378752e-05,
    9.999999747378752e-05,
    9.999999747378752e-05,
    9.999999747378752e-05,
    9.999999747378752e-05,
    9.999999747378752e-05,
    9.999999747378752e-05,
    9.999999747378752e-05,
    9.999999747378752e-05,
    4.999999873689376e-05,
    4.999999873689376e-05,
    4.999999873689376e-05,
    4.999999873689376e-05,
    2.499999936844688e-05,
    2.499999936844688e-05,
    2.499999936844688e-05,
    1.249999968422344e-05,
    1.249999968422344e-05,
    1.249999968422344e-05,
    6.24999984211172e-06,
    6.24999984211172e-06,
    6.24999984211172e-06,
    3.12499992105586e-06,
    3.12499992105586e-06,
    3.12499992105586e-06,
    1.56249996052793e-06
  ]
}